{"id":0,"name":"PERFORM","total_movie":12,"motion_movie":[{"id":1,"name":"[Jalan] Start Init","duration":1999},{"id":2,"name":"[Tarian] Zona Start","duration":24530},{"id":59,"name":"ZA Diem COPY NADA","duration":8364},{"id":4,"name":"[Tarian] Zona A","duration":27222},{"id":60,"name":"ZBN Diam COPY NADA","duration":6928},{"id":6,"name":"[Tarian] Zona B","duration":29043},{"id":61,"name":"ZBT Diam COPY NADA","duration":8368},{"id":8,"name":"[Tarian] Zona C Awal","duration":24365},{"id":62,"name":"ZC Diam COPY NADA","duration":26720},{"id":10,"name":"[Tarian] Zona C Pisah","duration":29267},{"id":64,"name":"ZT Diam","duration":14038},{"id":12,"name":"[Tarian] Zona Tutup","duration":19421}],"checksum":4204621596}