{
  "name": "jalan-maju",
  "description": "parameter pose buat jalan maju",
  "pose_group": [
    {
      "nama": "berdiri-kaki_kanan-maju",
      "pose": [
        {
          "nama": "miring-kiri",
          "posisi": []
        },
        {
          "nama": "kaki_kanan-angkat",
          "posisi": []
        },
        {
          "nama": "kaki_kanan-maju",
          "posisi": []
        },
        {
          "nama": "kaki_kanan-jatuh",
          "posisi": []
        }
      ]
    },
    {
      "nama": "berdiri-kaki_kiri-maju",
      "pose": [
        {
          "nama": "miring-kanan",
          "posisi": []
        },
        {
          "nama": "kaki_kiri-angkat",
          "posisi": []
        },
        {
          "nama": "kaki_kiri-maju",
          "posisi": []
        },
        {
          "nama": "kaki_kiri-jatuh",
          "posisi": []
        }
      ]
    },
    {
      "nama": "maju-kaki_kiri-maju",
      "pose": [
        {
          "nama": "miring-kanan",
          "posisi": []
        },
        {
          "nama": "kaki_kiri-angkat",
          "posisi": []
        },
        {
          "nama": "kaki_kiri-maju",
          "posisi": []
        },
        {
          "nama": "kaki_kiri-jatuh",
          "posisi": []
        }
      ]
    },
    {
      "nama": "maju-kaki_kanan-maju",
      "pose": [
        {
          "nama": "miring-kiri",
          "posisi": []
        },
        {
          "nama": "kaki_kanan-angkat",
          "posisi": []
        },
        {
          "nama": "kaki_kanan-maju",
          "posisi": []
        },
        {
          "nama": "kaki_kanan-jatuh",
          "posisi": []
        }
      ]
    },
    {
      "nama": "maju-kaki_kanan-berdiri",
      "pose": [
        {
          "nama": "miring-kiri",
          "posisi": []
        },
        {
          "nama": "kaki_kanan-angkat",
          "posisi": []
        },
        {
          "nama": "kaki_kanan-maju",
          "posisi": []
        },
        {
          "nama": "kaki_kanan-jatuh",
          "posisi": []
        }
      ]
    },
    {
      "nama": "maju-kaki_kiri-berdiri",
      "pose": [
        {
          "nama": "miring-kanan",
          "posisi": []
        },
        {
          "nama": "kaki_kiri-angkat",
          "posisi": []
        },
        {
          "nama": "kaki_kiri-maju",
          "posisi": []
        },
        {
          "nama": "kaki_kiri-jatuh",
          "posisi": []
        }
      ]
    }
  ]
}
