{
  "name": "jalan-mundur",
  "description": "parameter pose buat jalan mundur",
  "pose_group": [
    {
      "nama": "berdiri-kaki_kanan-mundur",
      "pose": [
        {
          "nama": "miring-kiri",
          "posisi": []
        },
        {
          "nama": "kaki_kanan-angkat",
          "posisi": []
        },
        {
          "nama": "kaki_kanan-mundur",
          "posisi": []
        },
        {
          "nama": "kaki_kanan-jatuh",
          "posisi": []
        }
      ]
    },
    {
      "nama": "berdiri-kaki_kiri-mundur",
      "pose": [
        {
          "nama": "miring-kanan",
          "posisi": []
        },
        {
          "nama": "kaki_kiri-angkat",
          "posisi": []
        },
        {
          "nama": "kaki_kiri-mundur",
          "posisi": []
        },
        {
          "nama": "kaki_kiri-jatuh",
          "posisi": []
        }
      ]
    },

    {
      "nama": "mundur-kaki_kiri-mundur",
      "pose": [
        {
          "nama": "miring-kanan",
          "posisi": []
        },
        {
          "nama": "kaki_kiri-angkat",
          "posisi": []
        },
        {
          "nama": "kaki_kiri-mundur",
          "posisi": []
        },
        {
          "nama": "kaki_kiri-jatuh",
          "posisi": []
        }
      ]
    },
    {
      "nama": "mundur-kaki_kanan-mundur",
      "pose": [
        {
          "nama": "miring-kiri",
          "posisi": []
        },
        {
          "nama": "kaki_kanan-angkat",
          "posisi": []
        },
        {
          "nama": "kaki_kanan-mundur",
          "posisi": []
        },
        {
          "nama": "kaki_kanan-jatuh",
          "posisi": []
        }
      ]
    },
    {
      "nama": "mundur-kaki_kanan-berdiri",
      "pose": [
        {
          "nama": "miring-kiri",
          "posisi": []
        },
        {
          "nama": "kaki_kanan-angkat",
          "posisi": []
        },
        {
          "nama": "kaki_kanan-mundur",
          "posisi": []
        },
        {
          "nama": "kaki_kanan-jatuh",
          "posisi": []
        }
      ]
    },
    {
      "nama": "mundur-kaki_kiri-berdiri",
      "pose": [
        {
          "nama": "miring-kanan",
          "posisi": []
        },
        {
          "nama": "kaki_kiri-angkat",
          "posisi": []
        },
        {
          "nama": "kaki_kiri-mundur",
          "posisi": []
        },
        {
          "nama": "kaki_kiri-jatuh",
          "posisi": []
        }
      ]
    }
  ]
}
